Name,Link
Bajaj Finance Ltd.,https://groww.in/stocks/bajaj-finance-ltd
Avenue Supermarts Ltd.,https://groww.in/stocks/avenue-supermarts-ltd
Tata Consultancy Services Ltd.,https://groww.in/stocks/tata-consultancy-services-ltd
Kotak Mahindra Bank Ltd.,https://groww.in/stocks/kotak-mahindra-bank-ltd
Nestle India Ltd.,https://groww.in/stocks/nestle-india-ltd
Housing Development Finance Corporation Ltd.,https://groww.in/stocks/housing-development-finance-corporation-ltd
Info Edge (India) Ltd.,https://groww.in/stocks/info-edge-india-ltd
Pidilite Industries Ltd.,https://groww.in/stocks/pidilite-industries-ltd
Torrent Power Ltd.,https://groww.in/stocks/torrent-power-ltd
Shree Cement Ltd.,https://groww.in/stocks/shree-cement-ltd
Divi's Laboratories Ltd.,https://groww.in/stocks/divis-laboratories-ltd
Bajaj Finserv Ltd.,https://groww.in/stocks/bajaj-finserv-ltd
Cholamandalam Investment and Finance Company Ltd.,https://groww.in/stocks/cholamandalam-investment-finance-company-ltd
PI Industries Ltd.,https://groww.in/stocks/pi-industries-ltd
HDFC Bank Ltd.,https://groww.in/stocks/hdfc-bank-ltd
Apollo Hospitals Enterprise Ltd.,https://groww.in/stocks/apollo-hospitals-enterprise-ltd
Sundaram Finance Ltd.,https://groww.in/stocks/sundaram-finance-ltd
Astral Ltd.,https://groww.in/stocks/astral-poly-technik-ltd
Tube Investments Of India Ltd.,https://groww.in/stocks/tube-investments-of-india-ltd
Mahindra & Mahindra Ltd.,https://groww.in/stocks/mahindra-mahindra-ltd
Coforge Ltd.,https://groww.in/stocks/niit-technologies-ltd
Motherson Sumi Wiring India Ltd.,https://groww.in/stocks/motherson-sumi-wiring-india-ltd
Sona BLW Precision Forgings Ltd.,https://groww.in/stocks/sona-blw-precision-forgings-ltd
The Indian Hotels Company Ltd.,https://groww.in/stocks/the-indian-hotels-company-ltd
Symphony Ltd.,https://groww.in/stocks/symphony-ltd
Tata Motors Ltd.,https://groww.in/stocks/tata-motors-ltd
Navin Fluorine International Ltd.,https://groww.in/stocks/navin-fluorine-international-ltd
Mas Financial Services Ltd.,https://groww.in/stocks/mas-financial-services-ltd
Clean Science And Technology Ltd.,https://groww.in/stocks/clean-science-and-technology-ltd
Vijaya Diagnostic Centre Ltd.,https://groww.in/stocks/vijaya-diagnostic-centre-ltd
Go Fashion (India) Ltd.,https://groww.in/stocks/go-fashion-india-ltd
TTK Prestige Ltd.,https://groww.in/stocks/ttk-prestige-ltd
TTK Healthcare Ltd.,https://groww.in/stocks/ttk-healthcare-ltd
GAIL (India) Ltd.,https://groww.in/stocks/gail-india-ltd
ICICI Bank Ltd.,https://groww.in/stocks/icici-bank-ltd
HDFC Bank Ltd.,https://groww.in/stocks/hdfc-bank-ltd
Tech Mahindra Ltd.,https://groww.in/stocks/tech-mahindra-ltd
Axis Bank Ltd.,https://groww.in/stocks/axis-bank-ltd
Equitas Small Finance Bank Ltd.,https://groww.in/stocks/equitas-small-finance-bank-ltd
Reserve Bank of India,https://groww.in/stocks/tb-860
Reserve Bank of India,https://groww.in/stocks/tb-302
Housing Development Finance Corporation Ltd.,https://groww.in/stocks/housing-development-finance-corporation-ltd
Power Grid Corporation Of India Ltd.,https://groww.in/stocks/power-grid-corporation-of-india-ltd
Oil & Natural Gas Corporation Ltd.,https://groww.in/stocks/oil-natural-gas-corporation-ltd
Reliance Industries Ltd.,https://groww.in/stocks/reliance-industries-ltd
Infosys Ltd.,https://groww.in/stocks/infosys-ltd
Indian Oil Corporation Ltd.,https://groww.in/stocks/indian-oil-corporation-ltd
ITC Ltd.,https://groww.in/stocks/itc-ltd
State Bank of India,https://groww.in/stocks/state-bank-of-india
Tata Motors Ltd.,https://groww.in/stocks/tata-motors-ltd
Aster DM Healthcare Ltd.,https://groww.in/stocks/aster-dm-healthcare-ltd
Punjab National Bank,https://groww.in/stocks/punjab-national-bank
Tata Steel Ltd.,https://groww.in/stocks/tata-steel-ltd
Bharti Airtel Ltd.,https://groww.in/stocks/bharti-airtel-ltd
Torrent Power Ltd.,https://groww.in/stocks/torrent-power-ltd
Hero Motocorp Ltd.,https://groww.in/stocks/hero-motocorp-ltd
Bharat Petroleum Corporation Ltd.,https://groww.in/stocks/bharat-petroleum-corporation-ltd
Wendt (India) Ltd.,https://groww.in/stocks/wendt-india-ltd
The Ramco Cements Ltd.,https://groww.in/stocks/the-ramco-cements-ltd
CESC Ltd.,https://groww.in/stocks/cesc-ltd
ACC Ltd.,https://groww.in/stocks/acc-ltd
NHPC Ltd.,https://groww.in/stocks/nhpc-ltd
United Spirits Ltd.,https://groww.in/stocks/united-spirits-ltd
Sanofi India Ltd.,https://groww.in/stocks/sanofi-india-ltd
Mahindra & Mahindra Financial Services Ltd.,https://groww.in/stocks/mahindra-mahindra-financial-services-ltd
Carborundum Universal Ltd.,https://groww.in/stocks/carborundum-universal-ltd
Bosch Ltd.,https://groww.in/stocks/bosch-ltd
Biocon Ltd.,https://groww.in/stocks/biocon-ltd
Larsen & Toubro Ltd.,https://groww.in/stocks/larsen-toubro-ltd
Sula Vineyards Ltd.,https://groww.in/stocks/sula-vineyards-ltd
Neogen Chemicals Ltd.,https://groww.in/stocks/neogen-chemicals-ltd
Multi Commodity Exchange Of India Ltd.,https://groww.in/stocks/multi-commodity-exchange-of-india-ltd
K.P.R. Mill Ltd.,https://groww.in/stocks/kpr-mill-ltd
Ashiana Housing Ltd.,https://groww.in/stocks/ashiana-housing-ltd
Prism Johnson Ltd.,https://groww.in/stocks/prism-johnson-ltd
NMDC Ltd.,https://groww.in/stocks/nmdc-ltd
Alkem Laboratories Ltd.,https://groww.in/stocks/alkem-laboratories-ltd
V-Guard Industries Ltd.,https://groww.in/stocks/vguard-industries-ltd
Lupin Ltd.,https://groww.in/stocks/lupin-ltd
Disa India Ltd.,https://groww.in/stocks/disa-india-ltd
Gateway Distriparks Ltd.,https://groww.in/stocks/gateway-distriparks-ltd-394
HDFC Asset Management Company Ltd.,https://groww.in/stocks/hdfc-asset-management-company-ltd
Ingersoll-Rand (India) Ltd.,https://groww.in/stocks/ingersollrand-india-ltd
Manappuram Finance Ltd.,https://groww.in/stocks/manappuram-finance-ltd
National Aluminium Company Ltd.,https://groww.in/stocks/national-aluminium-company-ltd
ICICI Prudential Life Insurance Company Ltd.,https://groww.in/stocks/icici-prudential-life-insurance-company-ltd
Esab India Ltd.,https://groww.in/stocks/esab-india-ltd
Ashok Leyland Ltd.,https://groww.in/stocks/ashok-leyland-ltd
Colgate-Palmolive (India) Ltd.,https://groww.in/stocks/colgatepalmolive-india-ltd
Rallis India Ltd.,https://groww.in/stocks/rallis-india-ltd
Automotive Axles Ltd.,https://groww.in/stocks/automotive-axles-ltd
Kalpataru Power Transmission Ltd.,https://groww.in/stocks/kalpataru-power-transmission-ltd
The Phoenix Mills Ltd.,https://groww.in/stocks/phoenix-mills-ltd
Motherson Sumi Wiring India Ltd.,https://groww.in/stocks/motherson-sumi-wiring-india-ltd
Greenply Industries Ltd.,https://groww.in/stocks/greenply-industries-ltd
Aurobindo Pharma Ltd.,https://groww.in/stocks/aurobindo-pharma-ltd
Prataap Snacks Ltd.,https://groww.in/stocks/prataap-snacks-ltd
Andhra Paper Ltd.,https://groww.in/stocks/international-paper-appm-ltd
NMDC Steel Ltd.,https://groww.in/stocks/nmdc-steel-ltd
Prestige Estates Projects Ltd.,https://groww.in/stocks/prestige-estate-projects-ltd
Delhivery Ltd.,https://groww.in/stocks/delhivery-ltd
Coromandel International Ltd.,https://groww.in/stocks/coromandel-international-ltd
Infosys Ltd.,https://groww.in/stocks/infosys-ltd
Tata Consultancy Services Ltd.,https://groww.in/stocks/tata-consultancy-services-ltd
Bharti Airtel Ltd.,https://groww.in/stocks/bharti-airtel-ltd
Tech Mahindra Ltd.,https://groww.in/stocks/tech-mahindra-ltd
HCL Technologies Ltd.,https://groww.in/stocks/hcl-technologies-ltd
Wipro Ltd.,https://groww.in/stocks/wipro-ltd
PVR Ltd.,https://groww.in/stocks/pvr-ltd
Persistent Systems Ltd.,https://groww.in/stocks/persistent-systems-ltd
FSN E-Commerce Ventures Ltd.,https://groww.in/stocks/fsn-ecommerce-ventures-ltd
Delhivery Ltd.,https://groww.in/stocks/delhivery-ltd
Firstsource Solutions Ltd.,https://groww.in/stocks/firstsource-solutions-ltd
Zomato Ltd.,https://groww.in/stocks/zomato-ltd
Oracle Financial Services Software Ltd.,https://groww.in/stocks/oracle-financial-services-software-ltd
eMudhra Ltd.,https://groww.in/stocks/emudhra-ltd
Newgen Software Technologies Ltd.,https://groww.in/stocks/newgen-software-technologies-ltd
ICICI Bank Ltd.,https://groww.in/stocks/icici-bank-ltd
Larsen & Toubro Ltd.,https://groww.in/stocks/larsen-toubro-ltd
Cummins India Ltd.,https://groww.in/stocks/cummins-india-ltd
Reliance Industries Ltd.,https://groww.in/stocks/reliance-industries-ltd
HDFC Bank Ltd.,https://groww.in/stocks/hdfc-bank-ltd
State Bank of India,https://groww.in/stocks/state-bank-of-india
Mahindra & Mahindra Ltd.,https://groww.in/stocks/mahindra-mahindra-ltd
Bharti Airtel Ltd.,https://groww.in/stocks/bharti-airtel-ltd
Axis Bank Ltd.,https://groww.in/stocks/axis-bank-ltd
Infosys Ltd.,https://groww.in/stocks/infosys-ltd
Tech Mahindra Ltd.,https://groww.in/stocks/tech-mahindra-ltd
ITC Ltd.,https://groww.in/stocks/itc-ltd
GAIL (India) Ltd.,https://groww.in/stocks/gail-india-ltd
Cipla Ltd.,https://groww.in/stocks/cipla-ltd
ICICI Prudential Life Insurance Company Ltd.,https://groww.in/stocks/icici-prudential-life-insurance-company-ltd
Mahindra & Mahindra Financial Services Ltd.,https://groww.in/stocks/mahindra-mahindra-financial-services-ltd
Housing Development Finance Corporation Ltd.,https://groww.in/stocks/housing-development-finance-corporation-ltd
Oil & Natural Gas Corporation Ltd.,https://groww.in/stocks/oil-natural-gas-corporation-ltd
Bharat Petroleum Corporation Ltd.,https://groww.in/stocks/bharat-petroleum-corporation-ltd
AIA Engineering Ltd.,https://groww.in/stocks/aia-engineering-ltd
NTPC Ltd.,https://groww.in/stocks/ntpc-ltd
Equitas Small Finance Bank Ltd.,https://groww.in/stocks/equitas-small-finance-bank-ltd
Torrent Power Ltd.,https://groww.in/stocks/torrent-power-ltd
Lupin Ltd.,https://groww.in/stocks/lupin-ltd
The Phoenix Mills Ltd.,https://groww.in/stocks/phoenix-mills-ltd
Tata Motors Ltd. - DVR Ordinary,https://groww.in/stocks/tata-motors-dvr-ordinary
GE T&D India Ltd.,https://groww.in/stocks/ge-td-india-ltd
Multi Commodity Exchange Of India Ltd.,https://groww.in/stocks/multi-commodity-exchange-of-india-ltd
Indian Oil Corporation Ltd.,https://groww.in/stocks/indian-oil-corporation-ltd
Tata Steel Ltd.,https://groww.in/stocks/tata-steel-ltd
Wipro Ltd.,https://groww.in/stocks/wipro-ltd
Shree Cement Ltd.,https://groww.in/stocks/shree-cement-ltd
Rallis India Ltd.,https://groww.in/stocks/rallis-india-ltd
Prism Johnson Ltd.,https://groww.in/stocks/prism-johnson-ltd
Tata Motors Ltd.,https://groww.in/stocks/tata-motors-ltd
Sundaram-Clayton Ltd.,https://groww.in/stocks/sundaramclayton-ltd
DLF Ltd.,https://groww.in/stocks/dlf-ltd
Punjab National Bank,https://groww.in/stocks/punjab-national-bank
Godrej Consumer Products Ltd.,https://groww.in/stocks/godrej-consumer-products-ltd
Chemplast Sanmar Ltd.,https://groww.in/stocks/chemplast-sanmar-ltd
Container Corporation Of India Ltd.,https://groww.in/stocks/container-corporation-of-india-ltd
ACC Ltd.,https://groww.in/stocks/acc-ltd
Sanofi India Ltd.,https://groww.in/stocks/sanofi-india-ltd
Aster DM Healthcare Ltd.,https://groww.in/stocks/aster-dm-healthcare-ltd
IRB Infrastructure Developers Ltd.,https://groww.in/stocks/irb-infrastructure-developers-ltd
ICICI Lombard General Insurance Company Ltd.,https://groww.in/stocks/icici-lombard-general-insurance-co-ltd
Strides Pharma Science Ltd.,https://groww.in/stocks/strides-pharma-science-ltd
VA Tech Wabag Ltd.,https://groww.in/stocks/va-tech-wabag-ltd
Hindustan Copper Ltd.,https://groww.in/stocks/hindustan-copper-ltd
Crompton Greaves Consumer Electricals Ltd.,https://groww.in/stocks/crompton-greaves-consumer-electricals-ltd
PB Fintech Ltd.,https://groww.in/stocks/pb-fintech-ltd
The New India Assurance Company Ltd.,https://groww.in/stocks/the-new-india-assurance-co-ltd
Exide Industries Ltd.,https://groww.in/stocks/exide-industries-ltd
Computer Age Management Services Ltd.,https://groww.in/stocks/computer-age-management-services-ltd
Grindwell Norton Ltd.,https://groww.in/stocks/grindwell-norton-ltd
Bharti Airtel Ltd. - (Partly Paid up Equity Shares (Rights Issue)),https://groww.in/stocks/bharti-airtel-ltd-partly-paid-up-equity-shares-rights-issue-352
HDFC Bank Ltd.,https://groww.in/stocks/hdfc-bank-ltd
ICICI Bank Ltd.,https://groww.in/stocks/icici-bank-ltd
Axis Bank Ltd.,https://groww.in/stocks/axis-bank-ltd
Reliance Industries Ltd.,https://groww.in/stocks/reliance-industries-ltd
State Bank of India,https://groww.in/stocks/state-bank-of-india
Infosys Ltd.,https://groww.in/stocks/infosys-ltd
SKF India Ltd.,https://groww.in/stocks/skf-india-ltd
Larsen & Toubro Ltd.,https://groww.in/stocks/larsen-toubro-ltd
Bharat Forge Ltd.,https://groww.in/stocks/bharat-forge-ltd
JK Cement Ltd.,https://groww.in/stocks/jk-cement-ltd
NTPC Ltd.,https://groww.in/stocks/ntpc-ltd
Gujarat State Petronet Ltd.,https://groww.in/stocks/gujarat-state-petronet-ltd
The Federal Bank Ltd.,https://groww.in/stocks/the-federal-bank-ltd
Bharti Airtel Ltd.,https://groww.in/stocks/bharti-airtel-ltd
Shriram Finance Ltd,https://groww.in/stocks/shriram-transport-finance-company-ltd
HCL Technologies Ltd.,https://groww.in/stocks/hcl-technologies-ltd
Tata Steel Ltd.,https://groww.in/stocks/tata-steel-ltd
Sun Pharmaceutical Industries Ltd.,https://groww.in/stocks/sun-pharmaceutical-industries-ltd
ITC Ltd.,https://groww.in/stocks/itc-ltd
Tata Consultancy Services Ltd.,https://groww.in/stocks/tata-consultancy-services-ltd
Kotak Mahindra Bank Ltd.,https://groww.in/stocks/kotak-mahindra-bank-ltd
Emami Ltd.,https://groww.in/stocks/emami-ltd
Gland Pharma Ltd.,https://groww.in/stocks/gland-pharma-ltd
Sona BLW Precision Forgings Ltd.,https://groww.in/stocks/sona-blw-precision-forgings-ltd
Max Financial Services Ltd.,https://groww.in/stocks/max-financial-services-ltd
PB Fintech Ltd.,https://groww.in/stocks/pb-fintech-ltd
Indian Energy Exchange Ltd.,https://groww.in/stocks/indian-energy-exchange-ltd
Crompton Greaves Consumer Electricals Ltd.,https://groww.in/stocks/crompton-greaves-consumer-electricals-ltd
Tata Communications Ltd.,https://groww.in/stocks/tata-communications-ltd
Tata Motors Ltd.,https://groww.in/stocks/tata-motors-ltd
Bata India Ltd.,https://groww.in/stocks/bata-india-ltd
Bayer CropScience Ltd.,https://groww.in/stocks/bayer-cropscience-ltd
Nuvoco Vistas Corporation Ltd.,https://groww.in/stocks/nuvoco-vistas-corporation-ltd
Power Finance Corporation Ltd.,https://groww.in/stocks/power-finance-corporation-ltd
Aurobindo Pharma Ltd.,https://groww.in/stocks/aurobindo-pharma-ltd
Delhivery Ltd.,https://groww.in/stocks/delhivery-ltd
TVS Motor Company Ltd.,https://groww.in/stocks/tvs-motor-company-ltd
Vinati Organics Ltd.,https://groww.in/stocks/vinati-organics-ltd
Havells India Ltd.,https://groww.in/stocks/havells-india-ltd
SBI Cards And Payment Services Ltd.,https://groww.in/stocks/sbi-cards-payment-services-ltd
LTIMindtree Ltd.,https://groww.in/stocks/larsen-toubro-infotech-ltd
Page Industries Ltd.,https://groww.in/stocks/page-industries-ltd
Ceat Ltd.,https://groww.in/stocks/ceat-ltd
Atul Ltd.,https://groww.in/stocks/atul-ltd
Krishna Institute of Medical Sciences Ltd,https://groww.in/stocks/krishna-institute-of-medical-sciences-ltd
Indraprastha Gas Ltd.,https://groww.in/stocks/indraprastha-gas-ltd
Torrent Pharmaceuticals Ltd.,https://groww.in/stocks/torrent-pharmaceuticals-ltd
Zomato Ltd.,https://groww.in/stocks/zomato-ltd
Natco Pharma Ltd.,https://groww.in/stocks/natco-pharma-ltd
SBI Life Insurance Company Ltd.,https://groww.in/stocks/sbi-life-insurance-company-ltd
Prince Pipes and Fittings Ltd.,https://groww.in/stocks/prince-pipes-fittings-ltd
Voltas Ltd.,https://groww.in/stocks/voltas-ltd
Titan Company Ltd.,https://groww.in/stocks/titan-company-ltd
Mphasis Ltd.,https://groww.in/stocks/mphasis-ltd
Maruti Suzuki India Ltd.,https://groww.in/stocks/maruti-suzuki-india-ltd
Sapphire Foods India Ltd.,https://groww.in/stocks/sapphire-foods-india-ltd
Gateway Distriparks Ltd.,https://groww.in/stocks/gateway-distriparks-ltd-394
Ipca Laboratories Ltd.,https://groww.in/stocks/ipca-laboratories-ltd
Housing Development Finance Corporation Ltd.,https://groww.in/stocks/housing-development-finance-corporation-ltd
Prestige Estates Projects Ltd.,https://groww.in/stocks/prestige-estate-projects-ltd
Apollo Hospitals Enterprise Ltd.,https://groww.in/stocks/apollo-hospitals-enterprise-ltd
Dabur India Ltd.,https://groww.in/stocks/dabur-india-ltd
Chemplast Sanmar Ltd.,https://groww.in/stocks/chemplast-sanmar-ltd
Bharat Electronics Ltd.,https://groww.in/stocks/bharat-electronics-ltd
Ashok Leyland Ltd.,https://groww.in/stocks/ashok-leyland-ltd
NMDC Ltd.,https://groww.in/stocks/nmdc-ltd
Balkrishna Industries Ltd.,https://groww.in/stocks/balkrishna-industries-ltd
The Indian Hotels Company Ltd.,https://groww.in/stocks/the-indian-hotels-company-ltd
United Spirits Ltd.,https://groww.in/stocks/united-spirits-ltd
Kajaria Ceramics Ltd.,https://groww.in/stocks/kajaria-ceramics-ltd
UTI Asset Management Company Ltd.,https://groww.in/stocks/uti-asset-management-company-ltd
Hindustan Unilever Ltd.,https://groww.in/stocks/hindustan-unilever-ltd
National Aluminium Company Ltd.,https://groww.in/stocks/national-aluminium-company-ltd
Biocon Ltd.,https://groww.in/stocks/biocon-ltd
One97 Communications Ltd.,https://groww.in/stocks/one-communications-ltd
Varun Beverages Ltd.,https://groww.in/stocks/varun-beverages-ltd
AU Small Finance Bank Ltd.,https://groww.in/stocks/au-small-finance-bank-ltd
Cholamandalam Financial Holdings Ltd.,https://groww.in/stocks/ti-financial-holdings-ltd
Power Finance Corporation Ltd.,https://groww.in/stocks/power-finance-corporation-ltd
Persistent Systems Ltd.,https://groww.in/stocks/persistent-systems-ltd
Dalmia Bharat Ltd.,https://groww.in/stocks/odisha-cement-ltd
Max Financial Services Ltd.,https://groww.in/stocks/max-financial-services-ltd
Supreme Industries Ltd.,https://groww.in/stocks/supreme-industries-ltd
Mahindra & Mahindra Financial Services Ltd.,https://groww.in/stocks/mahindra-mahindra-financial-services-ltd
The Federal Bank Ltd.,https://groww.in/stocks/the-federal-bank-ltd
NTPC Ltd.,https://groww.in/stocks/ntpc-ltd
Devyani International Ltd.,https://groww.in/stocks/devyani-international-ltd
Alkem Laboratories Ltd.,https://groww.in/stocks/alkem-laboratories-ltd
Fortis Healthcare Ltd.,https://groww.in/stocks/fortis-healthcare-ltd
Ipca Laboratories Ltd.,https://groww.in/stocks/ipca-laboratories-ltd
Aditya Birla Fashion and Retail Ltd.,https://groww.in/stocks/aditya-birla-fashion-and-retail-ltd
Navin Fluorine International Ltd.,https://groww.in/stocks/navin-fluorine-international-ltd
Angel One Ltd.,https://groww.in/stocks/angel-broking-ltd
Steel Authority Of India Ltd.,https://groww.in/stocks/steel-authority-of-india-ltd
Voltas Ltd.,https://groww.in/stocks/voltas-ltd
The Indian Hotels Company Ltd.,https://groww.in/stocks/the-indian-hotels-company-ltd
Infosys Ltd.,https://groww.in/stocks/infosys-ltd
Axis Bank Ltd.,https://groww.in/stocks/axis-bank-ltd
Zee Entertainment Enterprises Ltd.,https://groww.in/stocks/zee-entertainment-enterprises-ltd
Trent Ltd.,https://groww.in/stocks/trent-ltd
Tube Investments Of India Ltd.,https://groww.in/stocks/tube-investments-of-india-ltd
Dr. Reddy's Laboratories Ltd.,https://groww.in/stocks/dr-reddys-laboratories-ltd
Polycab India Ltd.,https://groww.in/stocks/polycab-india-ltd
Interglobe Aviation Ltd.,https://groww.in/stocks/interglobe-aviation-ltd
Max Healthcare Institute Ltd.,https://groww.in/stocks/max-healthcare-institute-ltd
LIC Housing Finance Ltd.,https://groww.in/stocks/lic-housing-finance-ltd
Cummins India Ltd.,https://groww.in/stocks/cummins-india-ltd
Bharat Electronics Ltd.,https://groww.in/stocks/bharat-electronics-ltd
Bank Of Baroda,https://groww.in/stocks/bank-of-baroda
Hindustan Petroleum Corporation Ltd.,https://groww.in/stocks/hindustan-petroleum-corporation-ltd
Tata Chemicals Ltd.,https://groww.in/stocks/tata-chemicals-ltd
Prestige Estates Projects Ltd.,https://groww.in/stocks/prestige-estate-projects-ltd
Container Corporation Of India Ltd.,https://groww.in/stocks/container-corporation-of-india-ltd
Bata India Ltd.,https://groww.in/stocks/bata-india-ltd
Indraprastha Gas Ltd.,https://groww.in/stocks/indraprastha-gas-ltd
3M India Ltd.,https://groww.in/stocks/m-india-ltd
Zomato Ltd.,https://groww.in/stocks/zomato-ltd
Lupin Ltd.,https://groww.in/stocks/lupin-ltd
Sanofi India Ltd.,https://groww.in/stocks/sanofi-india-ltd
United Breweries Ltd.,https://groww.in/stocks/united-breweries-ltd
Poonawalla Fincorp Ltd.,https://groww.in/stocks/magma-fincorp-ltd
Crompton Greaves Consumer Electricals Ltd.,https://groww.in/stocks/crompton-greaves-consumer-electricals-ltd
Timken India Ltd.,https://groww.in/stocks/timken-india-ltd
Dixon Technologies (India) Ltd.,https://groww.in/stocks/dixon-technologies-india-ltd
Hindustan Aeronautics Ltd.,https://groww.in/stocks/hindustan-aeronautics-ltd
Bayer CropScience Ltd.,https://groww.in/stocks/bayer-cropscience-ltd
Sona BLW Precision Forgings Ltd.,https://groww.in/stocks/sona-blw-precision-forgings-ltd
Deepak Nitrite Ltd.,https://groww.in/stocks/deepak-nitrite-ltd
Piramal Enterprises Ltd.,https://groww.in/stocks/piramal-enterprises-ltd
Mahindra Lifespace Developers Ltd.,https://groww.in/stocks/mahindra-lifespace-developers-ltd
Jindal Steel & Power Ltd.,https://groww.in/stocks/jindal-steel-power-ltd
Coromandel International Ltd.,https://groww.in/stocks/coromandel-international-ltd
Orient Electric Ltd.,https://groww.in/stocks/orient-electric-ltd
Page Industries Ltd.,https://groww.in/stocks/page-industries-ltd
Coforge Ltd.,https://groww.in/stocks/niit-technologies-ltd
MTAR Technologies Ltd.,https://groww.in/stocks/mtar-technologies-ltd
JK Cement Ltd.,https://groww.in/stocks/jk-cement-ltd
Manappuram Finance Ltd.,https://groww.in/stocks/manappuram-finance-ltd
NMDC Ltd.,https://groww.in/stocks/nmdc-ltd
Emami Ltd.,https://groww.in/stocks/emami-ltd
Torrent Power Ltd.,https://groww.in/stocks/torrent-power-ltd
Gland Pharma Ltd.,https://groww.in/stocks/gland-pharma-ltd
Mphasis Ltd.,https://groww.in/stocks/mphasis-ltd
Tata Communications Ltd.,https://groww.in/stocks/tata-communications-ltd
RBL Bank Ltd.,https://groww.in/stocks/rbl-bank-ltd
Radico Khaitan Ltd.,https://groww.in/stocks/radico-khaitan-ltd
JB Chemicals & Pharmaceuticals Ltd.,https://groww.in/stocks/jb-chemicals-pharmaceuticals-ltd
Ultratech Cement Ltd.,https://groww.in/stocks/ultratech-cement-ltd
Jubilant FoodWorks Ltd.,https://groww.in/stocks/jubilant-foodworks-ltd
RateGain Travel Technologies Ltd.,https://groww.in/stocks/rategain-travel-technologies-ltd
Affle (India) Ltd.,https://groww.in/stocks/affle-india-ltd
Prudent Corporate Advisory Services Ltd.,https://groww.in/stocks/prudent-corporate-advisory-services-ltd
Endurance Technologies Ltd.,https://groww.in/stocks/endurance-technologies-ltd
Ajanta Pharma Ltd.,https://groww.in/stocks/ajanta-pharma-ltd
Campus Activewear Ltd.,https://groww.in/stocks/campus-activewear-ltd
Bajaj Consumer Care Ltd.,https://groww.in/stocks/bajaj-corp-ltd
Bharat Heavy Electricals Ltd.,https://groww.in/stocks/bharat-heavy-electricals-ltd
NMDC Steel Ltd.,https://groww.in/stocks/nmdc-steel-ltd
Zydus Wellness Ltd.,https://groww.in/stocks/zydus-wellness-ltd
Apollo Tyres Ltd.,https://groww.in/stocks/apollo-tyres-ltd
Supreme Industries Ltd.,https://groww.in/stocks/supreme-industries-ltd
Schaeffler India Ltd.,https://groww.in/stocks/schaeffler-india-ltd
Cummins India Ltd.,https://groww.in/stocks/cummins-india-ltd
Persistent Systems Ltd.,https://groww.in/stocks/persistent-systems-ltd
Solar Industries India Ltd.,https://groww.in/stocks/solar-industries-india-ltd
SKF India Ltd.,https://groww.in/stocks/skf-india-ltd
Thermax Ltd.,https://groww.in/stocks/thermax-ltd
PI Industries Ltd.,https://groww.in/stocks/pi-industries-ltd
Kajaria Ceramics Ltd.,https://groww.in/stocks/kajaria-ceramics-ltd
JK Cement Ltd.,https://groww.in/stocks/jk-cement-ltd
Atul Ltd.,https://groww.in/stocks/atul-ltd
Oberoi Realty Ltd.,https://groww.in/stocks/oberoi-realty-ltd
Coromandel International Ltd.,https://groww.in/stocks/coromandel-international-ltd
Whirlpool Of India Ltd.,https://groww.in/stocks/whirlpool-of-india-ltd
Bharat Electronics Ltd.,https://groww.in/stocks/bharat-electronics-ltd
Ipca Laboratories Ltd.,https://groww.in/stocks/ipca-laboratories-ltd
Bharat Forge Ltd.,https://groww.in/stocks/bharat-forge-ltd
SRF Ltd.,https://groww.in/stocks/srf-ltd
Torrent Pharmaceuticals Ltd.,https://groww.in/stocks/torrent-pharmaceuticals-ltd
ICICI Bank Ltd.,https://groww.in/stocks/icici-bank-ltd
Sundaram Finance Ltd.,https://groww.in/stocks/sundaram-finance-ltd
Bata India Ltd.,https://groww.in/stocks/bata-india-ltd
The Federal Bank Ltd.,https://groww.in/stocks/the-federal-bank-ltd
AU Small Finance Bank Ltd.,https://groww.in/stocks/au-small-finance-bank-ltd
The Ramco Cements Ltd.,https://groww.in/stocks/the-ramco-cements-ltd
APL Apollo Tubes Ltd.,https://groww.in/stocks/apl-apollo-tubes-ltd
Ratnamani Metals & Tubes Ltd.,https://groww.in/stocks/ratnamani-metals-tubes-ltd
Sheela Foam Ltd.,https://groww.in/stocks/sheela-foam-ltd
Axis Bank Ltd.,https://groww.in/stocks/axis-bank-ltd
State Bank of India,https://groww.in/stocks/state-bank-of-india
Jindal Steel & Power Ltd.,https://groww.in/stocks/jindal-steel-power-ltd
Exide Industries Ltd.,https://groww.in/stocks/exide-industries-ltd
Mahindra & Mahindra Financial Services Ltd.,https://groww.in/stocks/mahindra-mahindra-financial-services-ltd
MRF Ltd.,https://groww.in/stocks/mrf-ltd
Voltas Ltd.,https://groww.in/stocks/voltas-ltd
Blue Star Ltd.,https://groww.in/stocks/blue-star-ltd
Balkrishna Industries Ltd.,https://groww.in/stocks/balkrishna-industries-ltd
Max Financial Services Ltd.,https://groww.in/stocks/max-financial-services-ltd
Page Industries Ltd.,https://groww.in/stocks/page-industries-ltd
Vedant Fashions Ltd.,https://groww.in/stocks/vedant-fashions-ltd
V-Guard Industries Ltd.,https://groww.in/stocks/vguard-industries-ltd
Zydus Lifesciences Ltd.,https://groww.in/stocks/cadila-healthcare-ltd
Emami Ltd.,https://groww.in/stocks/emami-ltd
Apollo Hospitals Enterprise Ltd.,https://groww.in/stocks/apollo-hospitals-enterprise-ltd
Dixon Technologies (India) Ltd.,https://groww.in/stocks/dixon-technologies-india-ltd
Amber Enterprises India Ltd.,https://groww.in/stocks/amber-enterprises-india-ltd
Hindustan Petroleum Corporation Ltd.,https://groww.in/stocks/hindustan-petroleum-corporation-ltd
Tata Consumer Products Ltd.,https://groww.in/stocks/tata-global-beverages-ltd
Metro Brands Ltd.,https://groww.in/stocks/metro-brands-ltd
Shree Cement Ltd.,https://groww.in/stocks/shree-cement-ltd
Sundram Fasteners Ltd.,https://groww.in/stocks/sundram-fasteners-ltd
Shriram Finance Ltd,https://groww.in/stocks/shriram-transport-finance-company-ltd
Alkem Laboratories Ltd.,https://groww.in/stocks/alkem-laboratories-ltd
Amara Raja Batteries Ltd.,https://groww.in/stocks/amara-raja-batteries-ltd
Hawkins Cookers Ltd.,https://groww.in/stocks/hawkins-cookers-ltd
City Union Bank Ltd.,https://groww.in/stocks/city-union-bank-ltd
Gujarat State Petronet Ltd.,https://groww.in/stocks/gujarat-state-petronet-ltd
Kalpataru Power Transmission Ltd.,https://groww.in/stocks/kalpataru-power-transmission-ltd
Samvardhana Motherson International Ltd.,https://groww.in/stocks/motherson-sumi-systems-ltd
Gujarat Gas Ltd.,https://groww.in/stocks/gujarat-gas-ltd
Lux Industries Ltd.,https://groww.in/stocks/lux-industries-ltd
Gland Pharma Ltd.,https://groww.in/stocks/gland-pharma-ltd
Kewal Kiran Clothing Ltd.,https://groww.in/stocks/kewal-kiran-clothing-ltd
ZF Commercial Vehicle Control Systems India Ltd.,https://groww.in/stocks/wabco-india-ltd
Godrej Agrovet Ltd.,https://groww.in/stocks/godrej-agrovet-ltd
PNC Infratech Ltd.,https://groww.in/stocks/pnc-infratech-ltd
Laurus Labs Ltd.,https://groww.in/stocks/laurus-labs-ltd
Motherson Sumi Wiring India Ltd.,https://groww.in/stocks/motherson-sumi-wiring-india-ltd
UNO Minda Ltd.,https://groww.in/stocks/minda-industries-ltd
United Spirits Ltd.,https://groww.in/stocks/united-spirits-ltd
Ambuja Cements Ltd.,https://groww.in/stocks/ambuja-cements-ltd
Honeywell Automation India Ltd.,https://groww.in/stocks/honeywell-automation-india-ltd
PB Fintech Ltd.,https://groww.in/stocks/pb-fintech-ltd
Life Insurance Corporation of India,https://groww.in/stocks/life-insurance-corporation-of-india
Bajaj Finance Ltd.,https://groww.in/stocks/bajaj-finance-ltd
PI Industries Ltd.,https://groww.in/stocks/pi-industries-ltd
Tata Elxsi Ltd.,https://groww.in/stocks/tata-elxsi-ltd
Avenue Supermarts Ltd.,https://groww.in/stocks/avenue-supermarts-ltd
Cholamandalam Investment and Finance Company Ltd.,https://groww.in/stocks/cholamandalam-investment-finance-company-ltd
Torrent Power Ltd.,https://groww.in/stocks/torrent-power-ltd
Astral Ltd.,https://groww.in/stocks/astral-poly-technik-ltd
Sundaram Finance Ltd.,https://groww.in/stocks/sundaram-finance-ltd
Coforge Ltd.,https://groww.in/stocks/niit-technologies-ltd
The Indian Hotels Company Ltd.,https://groww.in/stocks/the-indian-hotels-company-ltd
CG Power and Industrial Solutions Ltd.,https://groww.in/stocks/cg-power-industrial-solutions-ltd
ZF Commercial Vehicle Control Systems India Ltd.,https://groww.in/stocks/wabco-india-ltd
Sona BLW Precision Forgings Ltd.,https://groww.in/stocks/sona-blw-precision-forgings-ltd
Tube Investments Of India Ltd.,https://groww.in/stocks/tube-investments-of-india-ltd
Pidilite Industries Ltd.,https://groww.in/stocks/pidilite-industries-ltd
Divi's Laboratories Ltd.,https://groww.in/stocks/divis-laboratories-ltd
HDFC Bank Ltd.,https://groww.in/stocks/hdfc-bank-ltd
TTK Prestige Ltd.,https://groww.in/stocks/ttk-prestige-ltd
Supreme Industries Ltd.,https://groww.in/stocks/supreme-industries-ltd
Clean Science And Technology Ltd.,https://groww.in/stocks/clean-science-and-technology-ltd
Persistent Systems Ltd.,https://groww.in/stocks/persistent-systems-ltd
Sumitomo Chemical India Ltd.,https://groww.in/stocks/sumitomo-chemical-india-ltd
Linde India Ltd.,https://groww.in/stocks/linde-india-ltd
Housing Development Finance Corporation Ltd.,https://groww.in/stocks/housing-development-finance-corporation-ltd
AIA Engineering Ltd.,https://groww.in/stocks/aia-engineering-ltd
Zomato Ltd.,https://groww.in/stocks/zomato-ltd
Info Edge (India) Ltd.,https://groww.in/stocks/info-edge-india-ltd
Kotak Mahindra Bank Ltd.,https://groww.in/stocks/kotak-mahindra-bank-ltd
Global Health Ltd.,https://groww.in/stocks/global-health-ltd
Nestle India Ltd.,https://groww.in/stocks/nestle-india-ltd
Vijaya Diagnostic Centre Ltd.,https://groww.in/stocks/vijaya-diagnostic-centre-ltd
Motherson Sumi Wiring India Ltd.,https://groww.in/stocks/motherson-sumi-wiring-india-ltd
LTIMindtree Ltd.,https://groww.in/stocks/larsen-toubro-infotech-ltd
Tata Consultancy Services Ltd.,https://groww.in/stocks/tata-consultancy-services-ltd
Eicher Motors Ltd.,https://groww.in/stocks/eicher-motors-ltd
Vedant Fashions Ltd.,https://groww.in/stocks/vedant-fashions-ltd
Schaeffler India Ltd.,https://groww.in/stocks/schaeffler-india-ltd
Dr. Lal Pathlabs Ltd.,https://groww.in/stocks/dr-lal-pathlabs-ltd
TVS Motor Company Ltd.,https://groww.in/stocks/tvs-motor-company-ltd
Privi Speciality Chemicals Ltd.,https://groww.in/stocks/fairchem-speciality-ltd
Aptus Value Housing Finance India Ltd.,https://groww.in/stocks/aptus-value-housing-finance-india-ltd
Endurance Technologies Ltd.,https://groww.in/stocks/endurance-technologies-ltd
Aether Industries Ltd.,https://groww.in/stocks/aether-industries-ltd
Grindwell Norton Ltd.,https://groww.in/stocks/grindwell-norton-ltd
Yes Bank Ltd.,https://groww.in/stocks/yes-bank-ltd
Sundram Fasteners Ltd.,https://groww.in/stocks/sundram-fasteners-ltd
Prudent Corporate Advisory Services Ltd.,https://groww.in/stocks/prudent-corporate-advisory-services-ltd
Axis Nifty 50 ETF - Growth,https://groww.in/stocks/axis-nifty-etf
Honeywell Automation India Ltd.,https://groww.in/stocks/honeywell-automation-india-ltd
Mahindra & Mahindra Ltd.,https://groww.in/stocks/mahindra-mahindra-ltd
